{
    "baño": [-1.66, -0.61, 1.0, 0.0],
    "interior_cocina": [-4.53, -4.06, 0.14, 0.99],
    "exterior_cocina": [-0.5975424123229118, -2.3684574085548165, 0.9452782312186432, -0.32626532724119506],
    "interior_dormitorio": [-1.651387862507608, 2.549946269264321, -0.6852384749190714, 0.7283187712499141],
    "baño_dormitorio": [-2.270865998245695, 4.14028390240291, 0.9902393783541334, 0.13937709121867256],
    "exterior_dormitorio": [-0.8918060551976363, 2.695054045577073, 0.9941092444997233, -0.10838270130029824],
    "escritorio_oficina": [3.1123734942144035, 3.2160089557148184, 0.6744332333804396, 0.7383358405764249],
    "exterior_oficina": [0.5686857012696207, 3.074846310110305, 0.10959089333396417, 0.9939767885088618],
    "salon": [1.1519020235113024, -0.23279668673274742, 0.08226966173433621, 0.9966101056005959]
}